geoname1								
Aachen								
Aberdeen (Schottland)								
								
Abessinien (Äthiopien)	Abessinien							
Abomey								
Acapulco (Mexiko)								
Adamaua (Kamerun)	Adamawa							
								
Adi Laie (Eritrea)								
Admiralitäts-Inseln								
Afghanistan								
Afrika								
Afrika (Oberer Nil, Tripolis)								
Afrika, Bornu								
Afrika, Kabylen								
Afrika, Table Bay								
Afrika-Westküste								
Ailinglap (Marshall-Inseln)								
Ainu (Yezo)								
Alaska								
Albuquerque								
Alegria Enfield								
Aleppo (Syrien)								
Alexishafen								
Alfeld (Leine)								
Algier								
Alkersleben								
Allahabad (Indien)								
Alt-Wallmoden (bei Hildesheim)								
Altona								
Amam								
Amazonas (Brasilien)	Amazonien							
								
Ambas Bay, Victoria								
Amoy (China, heutiges Xiamen)	Amoy (Xiamen)							
								
								
Amsterdam (Niederlande)	Amsterdam							
Ancon								
Andalgalá (Argentinien)								
Andamanen								
Andolsheim (Oberelsass)								
Andrew, Alberta (Canada/Kanda)								
Angola								
Annam								
Annapolis (Vereinigte Staaten (USA)								
Ansbach								
Antananarivo [Tananarive] (Madagaskar)								
Antillen								
Antofagasta								
								
Antwerpen (Königreich Belgien)	Antwerpen (Belgien)							
Anuradhapura (Ceylon)								
Anyang (Ajang)-Land (Kamerun)								
								
Apia (Samoa)	Apia							
Arabien								
Araukaner (Chile)								
Archipel, Molukken								
Arequipa (Peru)								
Argentinien								
Argus, ?								
Arica (Chile)								
								
Arizona (Vereinigte Staaten USA)	Arizona							
Arnheim								
Asahan (Ost-Sumatra)								
Aschaffenburg								
Ascona (Tessin/Schweiz)								
Asham								
Askabad (Aşgabat)								
Assam (Indien)								
Asunion (Paraguay)								
Atacama (Chile)								
Atakpame								
Athen (Griechenland)								
Atiu (Cookinseln)								
Atotonilco el Grande in Hidalgo								
Atscho, Muncigebiet (Kamerun)								
Auckland, Neuseeland								
								
Augsburg (Bayern)	Augsburg							
Augusta-Fl., Adm.I., Salomo-I., Heath-I.								
Augusta-Fluß, Admiralitäts-Inseln								
Aurich								
Australien								
Autenrieth								
Avalon (Santa Catalina Island, Kalifornien)								
Babelsberg								
Bad Coserow								
Bad Eilsen								
Bad Elmen								
								
Bad Harzburg (Provinz Hannover)	Bad Harzburg							
Bad Hersfeld								
Bad Homburg								
Bad Kreuznach								
Bad Nauheim								
Bad Oeynhausen								
Bad Soden (Taunus)								
Bad Sulza (Thüringen)								
Baden (bei Wien/Österreich)								
Baden-Baden								
Badia di Cantignano (Capannori, Provinz Lucca)								
Baffinland								
Bagrationowsk (Багратио́новск)								
Bailleul								
Baining, Gazelle- Halbinsel								
Baldenburg (Westpreußen)								
Bali								
Bali (Kamerun)								
Ballenstedt a/H								
Balve (Bezirk Dortmund/Westfalen)								
Bamberg								
Bamenda (Kamerun)								
Bamum (Kamerun)	Bamum, Volksgruppe							
								
Bandjermasin (Südost-Borneo)								
Bangalore (Indien)								
								
								
Bangkok (Thailand)	Bangkok	Bangkok (Siam)						
Bangladesch (Bengalen)								
								
Barcelona (Spanien)								
Bari (Italien)								
Barmen								
Barranquilla (Kolumbien)								
Barsinghausen bei Hannover								
Barth (Pommern)								
Baruth (Mark)								
Barzwitz (bei Rügenwalde)								
								
Basel (Schweiz)	Basel							
Batak (Sumatra	Batakgebiet (Sumatra)							
								
Batavia (heute: Jakarta) (auf Java, Indonesien)								
Batu Djadjar (Java)								
Bautzen								
Bayaka								
Bayamon (Puerto Rico)								
Bayern								
Bayreuth								
Bazentin le Petit (bei Albert) (Frankreich)								
Beagle Bay (Nordwest-Australien)								
Beeskow (Mark)								
								
Beijing (Peking) (China)	Beijing (Peking) 北京	Beijing (Peking)						
								
Beilngries (Pfalz)								
Beira								
Beirut								
								
Belem (Brasilien)								
Belgaum (Indien)	Belagavi (Bundesstaat Karnataka)							
Belgien								
Benares								
Bengalen								
Benin	Benin?							
								
Bergedorf (bei Hamburg)								
Bergen								
Berkeley, California								
Berlin	Berlin, (1901)	Berlin, (kurzzeitig 1907)	Berlin, Erwerbungsvorgang	Berlin, als Gesandter (1886)		Berlin, https://de.wikipedia.org/wiki/Ernst_K%C3%BChnel	Berlin, tätig für bzw. im Museum für Völkerkunde Berlin	Berlin, um 1890
Berlin (Charlottenburg)								
Berlin (Halensee)								
Berlin (Karolinenhof)								
Berlin oder Schweidnitz (Świdnica)								
								
								
								
Berlin, Kaiser-Friedrich-Museum								
								
								
								
								
Berlin-Grunewald								
Berlinhafen (Matty Inseln)								
Berlinhafen, Deutsch- Neuguinea								
Bern								
Bezirk Ponape (Deutsch-Mikronesien)								
Bezirk, Adamaua								
Bezirk, Bamenda (Kamerun)								
Bezirk, Charlottenburg								
Bezirk, Dschung								
Bezirk, Lichtenberg								
Bezirk, Lindi								
Bezirk, Mödling (bei Wien / Österreich)								
Bezirk, Pankow								
Bezirk, Schöneberg								
Bezirk, Steglitz								
Bezirk, Treptow								
Bezirk, Wilmersdorf	Bezirk, Wilmersdorf)							
								
Bezirk, Zehlendorf								
Bhutan								
Bialystok, vgl. Inv.eintrag zu I A 3535								
Bielefeld								
Bietigheim-Bissingen (bei Ludwigsburg)								
Biganzolo (Italien)								
Bijâpur (Bombay)								
Bindjey								
Binningen (Schweiz)								
Bipinde (Kamerun)								
Birgel bei Düren (Rheinland)								
Birma								
Bismarck-Archipel								
Bismarckburg (Togogebiet)								
Bixschoote								
Blankenese								
Blankenfelde (Brandenburg)								
								
Blasewitz-Dresden	Blasewitz							
Bloemfontein								
Bludenz (Vorarlberg)								
Blumenau								
Blumenthal								
Bochum								
Bogota (Kolumbien)	Bogotá							
								
								
Bolama (Guinea-Bissau)	Bolama (Guinea)							
Bolivien	Bolvien							
Bolonga (Italien)								
Bolschakowo (Russland)								
								
								
								
Bombay (Indien)	Bombay (Britisch-Indien)	Bombay						
Bonn								
Boppard (am Rhein)								
Bordeaux (Frankreich)								
Bordesholm (bei Kiel)								
Borenzhof [?] bei Oberwaldach (Baden)								
Bormó								
Born a.d. Darss (Kreis Franzburg)								
Borneo								
Boston, Massachusetts, USA								
Bougainville								
Bourg-la-Reine (Hauts-de-Seine)‏								
Brandenburg a.d. Havel	Brandenburg/Havel							
								
Brannenburg								
Brasilien								
Brass (Niger-Delta)								
Braunsberg (Ostpreußen)								
Braunschweig								
Bremen								
Bremerhaven								
Bremerhaven-Geestemünde								
								
								
								
Breslau (heute Wrocław, Polen)	Breslau (Wrocławia), Schlesien	Breslau (Schlesien)	Breslau					
Brieg								
Brighton (Großbritannien)								
Britisch-Guayana								
Britisch-Indien								
Britisch-Neuguinea								
Britisch-Neuguinea, Santa-Cruz-Inseln								
Britisch-Ostafrika								
Britisch-Tibet								
British Columbia (Kanada/Canada)								
Brixton								
Bromberg								
Brooklyn								
Broom								
Brühl bei Köln								
Brüssel								
Brüssel (Belgien)	Brüssel (Bruxelles)							
								
Buchara (Usbekistan)								
								
Budapest (Ungarn)	Budapest							
Buea								
								
								
Buenos Aires (Argentinien)	Buenos Aires	Buenos Aires (Argentinen)						
Buer in Westfalen								
Bukoba (Ostafrika)								
Bulawayo								
Buloa								
Bumbuli (Usambara)								
Bundesstaat, Arizona								
Bundesstaat, Louisiana								
Bundesstaat, Mato Grosso	Bundesstaat, Matto Grosso							
								
Bundesstaat, Missouri								
Bundesstaat, New Mexico								
Bundesstaat, Northern Territory								
Bundesstaat, Virgina								
Bundesstaat, Western Australia								
Bunzlau								
Burgstall								
Burundi								
Buschir								
Bërut [Beirut]								
Bückeburg								
Büderich								
Bützow								
Calabrien								
Calamba (Provinz La Laguna, Luzon)								
Calchaquigebiet								
								
Calcutta (Indien)	Calcutta (Kalkutta)	Calcutta						
								
Camberwell (London)								
								
Cambridge (Großbritannien)	Cambridge							
Campden								
Campeche								
Cape Colony								
Cape Town (Südafrika)	Capetown (Südafrika)							
								
Caracas (Venezuela)								
Carlshafen								
Carlsruhe (Oberschlesien)								
Carlstadt								
Cartago								
Cartago (Costa Rica)								
Casabinda								
Casapalca (Peru)								
Casas Grandas								
Celebes (Sulawesi)								
								
Celle (Hannover)	Celle							
Cermakowitz/Cermákovice (Mähren, Tschechische Republik)								
								
Ceylon (Sri Lanka)	Ceylon							
Chaco (Argentinien)								
Chaco (Paraguay)								
Chamonix								
								
								
Charlottenburg bei Berlin	Charlottenburg (bei Berlin)	Charlottenburg						
Charlottenburg-Westend								
Chascomus (Argentinien)								
Chattanooga (Tennessee)								
Chefoo (Yantai)								
Chemnitz								
Chevillon								
								
Chicago (Vereinigte Staaten, USA)	Chicago							
Chile								
China								
China, China zu prüfen								
China, Taiwan (Formosa), Korea, Japan, Südsee								
Chinde								
Chinesisch-Turkestan								
Chiromo								
Chotscho								
Christiania								
Christmas Lake Valley (Oregon)								
Clayoquot (Vancouver Island)								
Coban (Guatemala)								
Coblenz (Koblenz)								
Coburg								
Cochinchina								
Colima (Mexiko)								
Collingwood Bay (Britisch Papua Neuguinea)								
Colmar, nachweislich von 24.4.1896-30.9.1899								
								
Colombo (Ceylon/Sri Lanka)	Colombo (Ceylon)							
Conceicaodo do Araguaya (Brasilien)								
Concepción (Chile)								
Constantia/Wynberg (Kapstadt)								
Constantinopel (Konstantinopel)								
Conway (Alaska)								
Cooktown								
Cora (Mexiko)								
								
Cordoba (Argentinien)	Cordoba							
Coron (Maine-et-Loire)								
Cossebaude								
Costa Rica								
Cottbus								
Courbevoie (bei Asnières/Seine)								
Crawfordsville (Indiana)								
Cresson (Pennsylvania)								
Crossen								
Cuddalore (Britisch Indien)								
Curitiba (Brasilien)								
Cuttack (Katak/Cuttek)								
								
Cuyaba (Cuiabá)	Cuyaba							
Cuzco								
Cöln (Köln)	Cöln [Köln]	Cöln am Rhein (Köln)						
								
								
Cöslin								
Danzig	Danzig (Schichau)	Danzig (Westpreußen)						
								
								
Dar es Saalam	Dar-es-Salaam	Daressalam (Dar-es-Salaam)	Daressalam (Dar-es-Salaam) (Tansania / Deutsch-Ostafrika)	Daressalam (Dar-es-Salam)				
								
								
								
								
Darmstadt								
Darnley Insel (Australien)								
David (Provinz Chiriquí)								
Dehra Dun								
Delaware								
Delft (Niederlande)								
Deli (Sumatra)								
Den Haag								
Dessau								
Detmold								
Deutsch Krone (heute Walcz, Polen)								
Deutsch-Lissa, Leśnica (ehemals Deutsch Lissa) ist ein Stadtteil im Westen der Stadt Breslau								
Deutsch-Neu-Guinea (Bismarckarchipel)								
Deutsch-Neuguinea								
Deutsch-Ostafrika								
Deutsch-Rixdorf								
Deutsches Reich								
Dhubri (Assam)								
Dissen (Hannover)								
Distrikt, Deli								
Distrikt, Ghazipur								
Distrikt, Haut-Uele								
Distrikt, Storneberg								
Distrikthauptstadt, Songea								
Djokdjakarta (Java)								
Dole (Frankreich)								
Dordrecht								
Dorf, Bindow (bei Königs Wusterhausen)								
Dorf, Mdaburu								
Dorr								
Dresden								
Dresden (Sachsen)								
Dresden-Blasewitz								
Duala	Duala (Kamerun)	Duala (Westafrika)						
								
								
Duke of York Inseln								
Dume (Dahomey)								
Dumebezirk (Kamerun)								
Dunkerque (Dünkirchen)								
Durban	Durban (Südafrika)							
								
Dänemark								
Düsseldorf								
East London								
Eberfeld								
Ebernhahn								
Eberswalde								
Eckernförde								
Ecuador								
Edinburgh (Großbritannien)								
Eichstedt/Altmark (nördlich von Magdeburg)								
Eilenburg								
Eisenach								
El Callao								
Elberfeld								
Elberfeld (heute zu Wuppertal)								
Elizabeth (New Jersey)								
Elsfleth								
Emmerich (am Niederrhein)								
England								
England (Großbritannien)								
Erbach bei Ulm								
Erding								
Erfurt								
Erlangen								
Eschweiler-Pumpe								
Essen								
Essen (Ruhr)								
Essen a.d. Ruhr								
Essen-Altenessen								
Essex								
Etén (Peru)								
Eupen								
Eutin (Holstein)								
Expeditionslager, Wolfshaven am Luala								
Eylau (Ostpreußen)								
Eßlingen								
Farenda Gratidão (Angola)								
Feldbach (Steiermark, Österreich)								
Feldkirch								
Feuerland (Grande Isla de Terra Fuego)								
Fianga								
Fidji								
Fidschi-Inseln								
Fiji, Neu-Kaledonien, Salomon-Inseln								
Finkenkrug								
Finnisch-Lappland								
Finschhafen								
Flandern								
Fleurier (Schweiz)								
Fleurieu-sur-Saône								
Florenz (Toscana / Italien)								
Formosa								
Formosa (Taiwan)								
Formosa (heutiges Taiwan)								
Forsthaus Priemern bei Seehausen (Altmark)								
Foumban								
Frankenhausen, Schwarzburg-Rudolstadt								
Frankfurt	Frankfurt a. M.	Frankfurt a./M	Frankfurt a./M.	Frankfurt a./O.	Frankfurt a.M.	Frankfurt a.O.	Frankfurt am Main	
Frankfurt a./M.- Praunheim								
								
								
								
								
								
								
								
Frankreich								
Franzburg								
Französisch Congo (Gabun)	Französisch-Kongo							
								
Freetown (Sierra Leone)								
Freiberg	Freiburg	Freiburg (Baden)	Freiburg i.Br.	Freiburg im Breisgau				
								
								
								
								
Freienwalde	Freienwalde (Kreis Barnim)							
								
Fribourg (Üechtland/Schweiz)								
Friedenau								
Friedland								
Friedrich-Wilhelmshafen (Deutsch-Neuguinea)								
Friedrichsruh								
Fritzow (bei Kammin/Pommern)								
Gabun								
Gabun, Republik Kongo, Zentralafrikanische Republik, Tschad								
Gabès (heute in Tunesien)								
Gandersheim								
Garmisch								
Garmisch-Partenkirchen								
Gasisi								
Gebiet, Chaco								
Gebiet, Chanchamayo								
Gebiet, Gran Chaco								
Gebiet, Kilimanjaro								
Gebiet, Ogawe								
Gebiet, Sierra del Nayarit								
Gebiet, Uaupé								
Gebiet, Xingu (Brasilien)								
Gebirge, Uluguru								
Gemeinde, Handschuhsheim (bei Heidelberg)								
Genf								
Genf (Schweiz)								
Gent (Gand)								
Genua								
Gera								
Germersheim (Rheinhessen)								
Gernrode/Anhalt								
Geroldsgrün (Bayern)								
Gesundbrunnen								
Gießen								
Gilbert-Inseln								
Gits (Flandern)								
Gjövik (Norwergen)								
Glatz (Schlesien)								
Glauchau								
Glauchau (Sachsen)								
Gleiwitz								
Glogau								
Godesberg								
Goldküste								
Gordemitz bei Eilenburg								
Gorongtalo (Celebres/Sulawesi)								
Gotha								
Gouvernement, Livland (Russland)								
Grabow i./M.								
Grafenstein bei Klagenfurt (Kärnten)								
Grahamstown								
Graudenz (Westpreußen)								
Graz (Österreich)								
Greenwich, Kent								
Greifenberg i/Pom.								
Greifswald								
Greifswald, aus E 999/1891								
Greifswalde								
Greiz								
Grenzgebiet, Ghana-Togo								
Gresse (Mecklenburg-Vorpommern)								
Gronau in Westfalen								
Grootfontain (Damaraland)								
Gross Flottbek								
Gross Leuthen bei Lübben								
Gross Schönau (Sachsen)								
Groß Lichterfelde								
Groß-Lichterfelde (bei Berlin)								
Groß-Wüstenfelde (bei Teterow/Mecklenburg)								
Großbritannien								
Großlichterfelde								
Gräfentonna (bei Gotha)								
Grönland								
Grünberg (Hessen)								
Guadalajara (Mexiko)								
Guajaquil (Ecuador)								
Guatemala								
Guatemala-Stadt								
Guayana								
Guayaquil (Ecuador)								
Guinea								
Guinea (afrikanische Westküste)								
Gumbinnen (Ostpreußen)								
Gut Bennigsen bei Springe								
Gut Hellenorm (Estland) (Хелленурм, близ Риги)								
Gut Seeburg								
Gut, Sandfort bei Osnabrück								
Guttstadt a./R								
Gutu (Rhodesien)								
Görlitz								
Göteburg (Göteborg)								
Göteburg (Schweden)								
Göttingen								
Gürzenich b/Düren (Rheinland)								
Güstebiese (Kr. Königsberg/Naumark)								
Güstrow								
Güstrow (Mecklenburg)								
Haag (Den Haag)								
Haarlem								
Haarlem (Niederlande)								
Habana (Kuba, Cuba)								
Habelschwerdt (Glatz)								
Hadersleben								
Hagen (Westfalen)								
Hagen (bei Osnabrück)								
Haiphong (Vietnam)								
Haiti								
Halensee								
Halensee, Berlin								
Halle (Saale)								
Halle a./S.								
Hamburg								
Hamm								
Hanau								
Hannover								
Hansfelde								
Hanson (Massachusetts, Vereinigte Staaten USA)								
Hardersleben								
Harrow								
Hatshausen								
Hauptort Stadtsulza, Bad Sulza (Thüringen)								
Hauptstadt, Tepii								
Hawaii								
Hebron (Ohio)								
Hechingen								
Heckelberg								
Hefei (China)								
Hehlen/Weser								
Heidelberg								
Heilbronn								
Heimersheim (/ Ahr)								
Heimersheim / Ahr								
Heimersheim/ Ahr								
Helgoland								
Hellinghausen								
Herberthöhe								
								
Herbertshöhe (Papua-Neuguinea)	Herbertshöhe							
Herero (Südafrika)								
Heringsdorf								
Hermannsburg (Landkreis Celle)								
Herrnhut								
Hersburg (bei Weimar)								
Hervey Inseln (Deutsch-Neuguinea)								
Herzogswalde bei Wilsdruff (Sachsen)								
Hessen								
Hikari								
Hildburghausen (Thüringen)								
Hilden								
Hildesheim								
Hillcrest								
Hiltrup								
Himalayaländer								
Hinterland von Mozambique (Ostafrika)								
Hiogo (Hyogo)								
Hirschberg								
Hirschberg (Schlesien)								
Hlukhiv (Nähe von Grojec)								
Hobart (Tasmania)								
Hoboken (New Jersey)								
Hoffeld (b. Kiel)								
Hohen Lychen (Uckermark)								
Hohenheim bei Stuttgart								
Hohenstein-Ernstthal								
Hokkaido (Japan)								
Hollabrunn (bei Wien)								
Holländisch Neu-Guinea								
Homberg								
Honduras								
Hong Kong								
								
Honolulu (Hawaii)	Honolulu							
Hopi								
Hubertushöhe								
Huichol								
Husum								
Hyôgo-Osaka, ab 1885 Generalkonsul								
Höchstadt an der Aisch								
Hörde (heute Dortmund)								
Höxter								
Illinois								
Indien								
Indischer Archipel								
Indochina								
Indonesien								
Indonesischer Archipel								
Inning (Ammersee)								
Innsbruck								
Insel, Alsen (Dänemark)								
Insel, Ponape (Karolinen/Mikronesien)								
Insel, Risøy bei Tromsø (Norwegen)								
								
Insel, Sachalin, Ainu, 1911	Insel, Sachalin							
Insel, Sangir								
Insel, Sulawesi (Celebes)								
Insel, Sumatra								
Insel, Ureparapara (Banksgruppe)								
Instanbul (Türkei)								
Insterburg								
Iran								
Irkutsk								
Italien								
Jacobshavn (West-Grönland)								
Jakutsk (Sibirien)								
Jaluit								
Jaluit (Marshallinseln)								
Jamaika								
Japan								
Japan (Insel Sachalin)								
Jarkend								
Jaunde								
Java								
Java (Indonesien)	Java, Sumatra							
Java (Jawa)								
								
Jawa								
Jena								
Jesus Maria								
Johannesburg								
Johannistal								
Johore								
Jokohama (Yokohama) (Japan)								
Jolo (Sulu-Archipel)								
Kairo (Cairo)								
								
Kairo/Cairo (Ägypten)	Kairo (Ägypten)							
Kaiser-Wilhelms-Land (Deutsch-Neuguinea)								
Kaiserin-Augusta-Fluss (Neuguinea)								
Kaiserreich, China								
Kaiserreich, Russland								
Kaiserreich, Österreichisch-Ungarn								
Kalabar								
Kalifornien								
								
Kalkutta (Calcutta) (Indien)	Kalkutta (Calcutta)							
Kallara (New South Wales)								
Kambodscha								
Kamerun								
Kamraniye (Persien)								
Kamtschatka								
Kanada								
Kanada (Canada)								
Kandy (Indien)								
Kansas								
Kanton								
Kanton (China)	Kanton/Canton (China)							
								
Kap Verde Inseln								
Kapstadt (Südafrika)								
Kapurthala (Nordwest-Indien, Punjab)								
Karkodje/Carcoggi (heute Sannar am blauen Nil)								
Karlsbad								
Karlsbad (Karlovy Vary)								
Karlsruhe								
Karlsruhe (Baden)								
Karolinen								
Karolinen (Ponapé, Pohnpei)								
Kasdorff (bei Kleeth in Mecklenburg)								
Kashgar								
Kassel								
Katanga								
Katanga (Kongo)								
Kattowitz								
Kauai (Hawaii)								
Kaukasus								
Kaulsdorf								
Kemen (Posen)								
Kenhardt (Cape Colony)								
Kenia								
Kessenich								
Kiautschou								
Kiautschou/Tsingtau (Qingdao), Pachtgebiet/Schutzgebiet lt. Staatsvertrag								
Kiboscho								
Kiel								
Kigoma bei Ujiji								
Kilimatinde								
Kilossa								
Kilwa								
Kilwa, Hinrichtung								
Kimberley								
Kinena (Kongogebiet), südöstlich von Kinangani								
Kionga								
Kirchheimbolanden (Pfalz)								
Kirgisen								
Kirnbach bei Wolfach (Baden)								
Kitzeberg								
Kitzingen								
Kl. Bengerstorf								
Klein Popo (Togo)								
Klein Zschachwitz (bei Dresden)								
Klein Zscharnitz								
Klein-Popo								
Klein-Sedlitz								
Kloster Malchow (Mecklenburg)								
Kobe								
Kobe (Japan)								
								
Koblenz (Coblenz)	Koblenz							
Koepang (Kupang) (Timor)								
Kolberg (Pommern)								
Kolonie, Britisch-Birma								
Kolonie, Britisch-Indien								
Kolonie, Britisch-Neuguinea								
Kolonie, Britisch-Ostafrika								
Kolonie, Deutsch-Ostafrika								
Kolonie, Französisch-Kongo								
Kolonie, Niederländisch-Indien								
Kolonie, Niederländisch-Neuguinea								
Kolonie, Portugiesisch-Ostafrika								
Kolonie, Portugiesisch-Westafrika								
Kolonie, Singapore								
"Kolonie/""Schutzgebiet"", Deusch-Ostafrika"								
"Kolonie/""Schutzgebiet"", Deutsch-Neuguinea"								
"Kolonie/""Schutzgebiet"", Deutsch-Ostafrika"								
"Kolonie/""Schutzgebiet"", Deutsch-Südwestafrika"								
"Kolonie/""Schutzgebiet"", Kamerun"								
"Kolonie/""Schutzgebiet"", Niederländisch-Indien"								
"Kolonie/""Schutzgebiet"", Samoa"								
"Kolonie/""Schutzgebiet"", Togo"	"Kolonie/""Schutzgebiet"", Togoland"							
								
"Kolonie/""Schutzgebiet"", Victoria"								
Kolumbien								
Kolyma								
Komotau, Böhmen (heute: Chomutov, Tschechien)								
Kongo								
Kongo (Demokratische Republik)								
Kongo-Staat								
Kongulo am Dja (Kamerun)								
Konitz								
Konstantinopel								
Konstanz								
Kopenhagen								
Kopenhagen (Dänemark)								
Koprieve (Polen)								
Korea	Korea, siehe Bemerkungen	Korea, Einzelstück ??						
								
								
Korsör/Kiel, zwischen Korsör und Kiel (auf See)								
Koszalin (deutsch: Köslin)								
Kraatz bei Gransee (Mark Brandenburg)								
Krasnojarsk, Quelle ??								
Kreis, Apenrade, Geburtsort lt. Katalog 1901								
Kreisstadt, Neurode (Grafschaft Glatz in Schlesien)								
Kroatien								
Kronberg (Taunus)								
Kronkolonie, Labuan								
Kronprinzenkoog (Holstein)								
Krotoszyn (Krotoschin) Provinz Posen/Preußen								
Krumpendorf/Wörthersee (Österreich)								
Kuibis								
Kulm (Westpreußen)								
Kyôto (Japan)								
Köln								
Königreich, Benin								
Königreich, Dahomey								
Königreich, Mpororo								
Königreich, Siam								
Königsberg								
Königsberg (Neumark)								
Königsberg (Ostpreußen)								
Königsberg (i.Pr.)	Königsberg i/Pr.							
Königsberg [Kbg]								
								
Könitz (Thüringen)								
Köpenik								
Köthen (Cöthen)								
Küste vor Westafrika								
La Crosse (Wisconsin, Vereinigte Staaten (USA))								
La Paz (Bolivien)								
La Tour-de-Peilz (Schweiz)								
Labrador								
Lagos								
								
								
Lahore (Pakistan)	Lahore (Indien)	Lahore (Britisch-Indien)						
Lahr (i.B.)								
Lamberg								
Lamu								
Land, Angola								
Land, Argentinien								
Land, Australien								
Land, Belgien								
Land, Benin								
Land, China								
Land, Indien								
Land, Iran								
Land, Namibia								
Land, Portugal								
Land, Rhodesien								
Land, Simbabwe (Zimbabwe)								
Land, Sudan (Oberer Nil)								
Land, Südafrika								
Land, Tansania								
Land, Uganda								
Land, Vietnam								
Land/Region, Südafrika								
Land/Region, Tansania								
Landschaft, Adamaua								
Landshut (Bayern)								
Langensalza								
Langenschwalbach								
Langkat (Sumatra)								
Laos								
Lassan (Vorpommern)								
Lauban								
Lauchhammer								
Lauchheim (Württemberg)								
Lausanne (Schweiz)								
Leau								
Lechenich (Rheinland)								
Leeds (Großbritannien)								
Lehe								
Lehe bei Bremerhaven								
Leiden								
Leiden (Leyden)								
Leiden (Leyden) (Niederlande)	Leiden (Niederlande)							
								
Leipzig								
Lengenfeld (Vogtland)								
Lenggries								
Lenthe (bei Hannover)								
Liberia								
Libysche Wüste								
Lichtenberg								
Lichtenthal (Ludwigsbad)								
Lichterfelde								
Liegnitz								
Liegnitz (Schlesien)								
Lima								
Lima (Peru)								
Limburg (Lahn)								
Limburg an der Lahn (Hessen)								
Limburg an der Lahr								
Limburg/Lemberg								
Lindenhof bei Eutin								
Lindenthal/Cottbus								
Lindi								
Lippstadt (Lkr. Soest / Nordrhein-Westfalen)								
Liverpool								
Liverpool (Großbritannien)								
Lixingen (Lothringen)								
Loanda (Luanda)								
Loango								
Loben (Oberschlesien)								
Lome								
Lome (Togo)	Lome (Togo), Vorgang							
								
London								
London (Großbritannien)								
Longji								
Los Angeles (Californien)								
Los Angeles (Chile)								
Lubochin (bei Dritschmin/ West Preußen)	Lubochin bei Dritchmin (West-Preußen)							
								
Ludwigsburg								
Luf								
Lugano								
Luhonono								
Lunda (Kongo)								
Lupembe								
Luxemburg								
Luzern								
Lyon								
Lübeck								
Lückendorf bei Oybin, Kgr. Sachsen								
Lüneburg								
Lünen								
Mac Donnel Gebirge (Zentral-Australien)								
Macalle (Tigrai)								
Macassar (Makasar)								
Madagaskar								
								
Madras (Indien)	Madras (Chennai)							
Madrid (Spanien)								
Mafia								
Magdeburg								
Magdeburg-Buckau								
Mailand (Italien)								
Main-Long-gylt (Siam, Shan-Staaten)								
Mainz								
Malakka (Malâka)								
Malang (Ost-Java)								
Malang (bei Soerabaya)								
Malaysia								
Malden (Massachusetts)								
Malschoewen (Ostpreußen)								
Malschöwen								
Manaus (Brasilien)								
Manchester								
Manila								
Manila (Luzon)								
Manila (Philippinen)								
Maningaza-Fluss (bei Beravi, West-Madagaskar)								
Mannheim								
Maracaibo								
Maranguape								
Marburg								
Marburg a./Lahn								
Marburg a./Lahr								
Marcaibo								
Margelan								
Marianen								
Mariannhill (Südafrika)								
Mariatrost bei Graz								
Marienfelde								
Marienwerder								
Markkleeberg								
Marokko								
Marquesas Inseln	Marquesas-Inseln							
								
Marshall-Inseln								
Marshall-Inseln, Fidji-Inseln								
Marshall-Inseln, Gilbert-Inseln								
Marton, Yorkshire (Großbritannien)								
Maschona-Land	Maschonaland							
								
Mashona								
Maskat								
Matto Grosso (Brasilien)								
Matty, St. Matthias, New Irland								
Matupi								
Maxsain								
Mbeyahof								
Medan Deli (Sumatra)								
Meissen								
Melanesien								
Melange (Portugiesisch Westafrika)								
Melbourne								
Melbourne (Australien)								
Menado (Celebres/Sulawesi)								
Mengo								
Menton-Garavan (Riviera)								
Meran								
Meran (Obermais)								
Merantee (Holländisch Neu-Guinea)								
Mesoamerika								
Mesopotamien								
Metschkau (Mieczków) (Schlesien)								
Mettnau bei Radolfzell, Wohnhaft seit 1901								
Metz								
Mexiko City	Mexiko	Mexiko-Stadt						
								
								
Midan								
Mikindani								
Millstadt (Kärnten)								
Milwaukee (Wisconin)	Milwaukee (Wisconsin)							
								
Mimoso (oder Cuiabá)								
Minden (Westfalen)								
Missionsschule Niesky								
Missionsstation, Chishawasha								
Missionsstation, Coranderrk								
Missionsstation, Rântschi/Ranchi (Tschota Nagpur)								
Mitla (Mexiko)								
Mittel-Kamerun, Süd-Kamerun								
Moabit								
Mohasi-See (Ruanda)								
Mombasa								
Mondevideo								
Mongolei								
Montego-Bay (Jamaica)								
Montevideo	Montevideo (Uruguay)							
								
Morelia (Mexiko)								
Moskau	Moskau (Russland)	Moskau (Sowjetunion, UdSSR)						
								
								
Mozambique								
Mubi (Kamerun)								
Mukden (China)								
Muôa								
Myanmar (Birma)	Myanmar (Birma/Burma)							
								
Märkisch Friedland								
Mérida (Yucatán, Mexiko)								
Mödling (bei Wien / Österreich)								
Möhringen a.d. Filder								
Mönchengladbach (Rheinland)								
Mörz bei Belzig								
Mühlheim a./Rh.	Mülheim a.d. Ruhr	Mülheim/ Ruhr						
								
								
München								
Münster								
Münster (Westphalen)								
Nagasaki								
Nagasaki (Japan)								
Nagasaki-shi 長崎市								
Nagoya								
Nairobi								
Namatanai (Ostküste Neuirland)								
Namatani (Neu-Mecklenburg, heute New Ireland)								
Namibia	Namibia (Damaraland)							
								
Narubis (Deutsch-Südwest Afrika)								
Narutaki (Nagasaki)								
Natal (Südafrika)								
Nauen (bei Berlin)								
Nauheim bei Großgerau								
								
Naumburg (Saale)	Naumburg a./S.	Naumburg						
								
Nauru	Nauru, Marshall-Inseln, Karolinen-Inseln							
								
Navarro								
Nazza								
Neapel	Neapel (Kampanien / Italien)							
								
Neisse (Schlesien)								
Nepal								
Neu-Britannien								
Neu-Guinea								
Neu-Hebriden								
Neu-Irland								
Neu-Kaledonien								
Neu-Kamerun								
Neu-Mecklenburg								
Neu-Pommern								
Neu-Pommern, Salomon-Inseln, Samoa, Marshall-Inseln, Palau								
Neu-Südwales (Australien)								
Neu-Ulm								
Neubabelsberg (Potsdam)								
Neubrandenburg								
Neubrandenburg (Mecklenburg)	Neubrandenburg (Mecklenburg), https://de.wikipedia.org/wiki/Ernst_K%C3%BChnel							
								
Neubritannien								
Neubukow								
Neuchâtel (Schweiz)								
Neudamm (Frankfurt a./O.)								
Neue Hebriden	Neue-Hebriden, Riff-Inseln, Santa Cruz							
								
Neuendettelsau (Bayern)								
Neuendorf bei Lauenstein (Bezirk Köslin)								
Neuguinea								
Neuguinea, Neu-Mecklenburg								
Neuhaldersleben								
Neuhaus/a.d. Elbe (Grhzt. Mecklenburg-Schwerin)								
Neuirland								
Neukaledonien								
Neukölln								
Neukölln (bei Berlin)								
Neumecklenburg								
Neumünster (Schleswig)								
Neuruppin								
Neusalz/Oder								
Neuseeland								
Neuss a./Rh								
Neuss a./Rh.								
Neustrelitz								
Neuwied								
New Mexico (Vereinigte Staaten USA)								
New Orleans								
New York (Vereinigte Staaten (USA)	New York (Vereinigte Staaten, USA)							
								
Nicaragua								
Niederlande								
Niederländisch Indien	Niederländisch-Indien							
Niederländisch Süd-Neuguinea								
Niederländisch-Guayana								
								
Niederwalluf (Rheinland)								
Nienburg								
Nienburg a./N.								
Niesky								
Nigeria								
Nikolassee (bei Berlin)								
Nizza								
Nord-Afrika								
Nord-Argentinien								
Nord-Australien								
Nord-Bali								
Nord-Brasilien								
Nord-Britannien								
Nord-Chile								
Nord-Hebriden								
Nord-Indien								
Nord-Kamerun								
Nord-Neuirland								
Nord-Nigeria								
Nord-Queensland								
Nord-Sibirien								
Nord-Sumatra								
Nord-Transvaal (Südafrika)								
Nord-Venezuela								
Nordafrika								
Nordafrika (Algerien, Kabylei)								
Nordafrika (wohl Marokko)								
Nordafrika, Algerische Sahara								
Nordafrika, Tunesien								
Nordamerika								
Nordamerika (Prärie)								
Nordamerika, Prärie, Arizona								
Nordhausen								
Nordhausen (Thüringen)								
Nordost-Bolivien								
Nordost-Peru								
Nordwest-Argentinien								
Nordwest-Australien								
Nordwest-Kamerun								
Nordwest-Kamerun und Mittleres Kamerun								
Nottingham								
Nubien								
Nusa (Nord-Neumecklenburg)								
Nyamba								
Nürnberg								
Oakland (Californien)								
Oakland (Kalifornien)								
Oakland (Vereinigte Staaten, USA)								
Oaxaca (Mexiko)								
Ober-Ägypten								
Oberdorf (Baden)								
Oberer Sambesi								
Oberförsterei Panten bei Liegnitz (Schlesien)								
Oberkassel								
Ockrilla bei Meißen								
Oels (heute Oleśnica / Polen)								
Oelsnitz (Vogtland)								
Oernsköldsvik (Schweden)								
Offenbach/Main								
Ohlendorf (Niedersachsen)								
Ohrdruf								
Okahandja								
Oklahoma City								
Oku (Kamerun)								
Old Calabar (Nigeria)								
Oldenburg								
Omaha								
Omaha (Vereinigte Staaten USA)								
Omaha Reservation (Nebraska)								
Omegna (Provinz Novara, Norditalien)								
Oppeln								
Oppeln (Oberschlesien)								
Oranienburg								
Ort, Diwani								
Ort, Fahrenbühl								
Ort, Faradje								
Ort, Groot Sangir								
Ort, Mbweni								
Ort, Port Natal								
Ort, Tuonman								
Osaka								
Osaka (Japan)								
Oslebshausen (bei Bremen)								
Oslo								
Oslo (Norwegen)								
Osmanisches Reich								
Osnabrück								
Ost-Bolivien								
Ost-Ecuador								
Ost-Grönland								
Ost-Java								
Ost-Labrador (Kanada)								
Ost-Peru								
Ost-Turkistan								
Ostafrika								
Ostafrika (Pare-Gebirge)								
Ostafrika (Swahiliküste)								
Ostafrika, Makonde								
Ostafrika, Massai								
Ostafrika, Ruanda								
Ostafrika, Wassiba								
Ostasien								
Ostbrasilien								
Osterinsel (Isla de Pascua / Rapa Nui)								
Ostgrönland								
Ostperu								
Ostpreußen								
Ostturkestan								
Ouargla								
Ovamboland								
Oxford (England, UK)								
Ozeanien								
Padang								
Padang (Pâdang)								
Padang (Sumatra)								
Paderborn								
Pakhoi-Hoihow								
Pakistan								
Palau								
Panama								
Pangani								
Pangwe (Westafrika)								
Pankow (bei Berlin ?)								
Papan-Yokohama								
Papeete (Tahiti)								
Papua-Neuguinea (Deutsch-Neuguinea)								
Para								
Para (Brasilien)								
Paraguay								
Paris	Paris (Frankreich)	Paris, île de France (Frankreich)	ParisParis (Frankreich)					
								
								
								
Parnelmen (Ostpreußen)								
Pará								
Passy (Paris)								
Patagonien								
Patagonien, Neuguinea, Fidji-Inseln, Santa Cruz, Melanesien								
Peking	Peking (Beijing)	Peking (Beijing) (China)	Peking (Beijing) / China	Peking (Beijing, China)	Peking (China)			
								
								
								
								
								
Penang								
Pennsylvania (Nordost)								
Pernambuco (Brasilien)								
Persien								
Peru								
Peschaur								
Peshawer (Indien)								
Pest (Budapest, Ungarn)								
Petrosawodsk								
Petrowsk (Daghestan)								
Pforta (Kreis Naumburg a.S.)								
Pforzheim								
Philadelphia	Philadelphia (Pa.)	Philadelphia (Pennsylvania)		Philadelphia (Pennsylvania, Vereinigte Staaten USA)				
								
								
								
Philippinen	Phillipinen							
								
Phillipsthal (Hessen-Nassau)								
Piasniki bei Lipine (Oberschlesien)								
Picardie (Frankreich)								
Pietermaritzburg	Pietermaritzburg (Natal, Südafrika)							
								
Pietersburg								
Pillau (Ostpreußen)								
Piroc (Frankreich)								
Pisa								
Plains (nördliche)								
Plauen								
Plötzensee								
Pohnpei, 1908								
Pointe á Pitre								
Polarstation Sagastyr								
Polynesien								
Port Blair (Andamanen)								
Port Elizabeth								
Port Louis auf Mauritius								
Port Velho (Rondônia)								
Port of Spain auf Trinidad								
Portland (Oregon)								
Portugal								
Portugiesisch Ostafrika								
Portugisisch-Guinea								
Posen								
Posen (Poznań)								
Potdam	Potsdam							
Potsdam-Sanssouci								
								
Prag	Prag (Böhmen)							
								
Prenzlau								
Pretoria								
Preußen								
Prokuls (Memelland)								
Prosnes (Frankreich)								
Protektorat, Britisch-Ostafrika								
Provinz, British Columbia (Kanada/Canada)								
Provinz, Chiriqui (Panama)								
Provinz, Chôshû (長州)								
Provinz, Parana								
Provinz, Rio Negro								
Provinz, Santa Catharina								
Provinz, Sao Paulo								
Provinz, Shandong	Provinz, Shandong / China							
								
Provinz, Zhili (heute Hebei)								
Provinzhaupstadt, Desterro								
Pueblo								
Puerto Cabello (Venezuela)								
Puerto Istueha (Misiones, Argentinien)								
Purulia (Indien)								
Pölsdorf bei Eppendorf								
Qatiktalik (Cape Fullerton, Kanada)								
Qingdao (Tsingtao)								
Quebec City (Kanada)								
Quedlinburg								
Queensland								
Quito (Ecuador)								
Radebeul								
Radomitz (bei Posen)								
Rangoon (British Birma)	Rangoon (Burma)	Rangoon/Rangun (Burma/Birma)		Rangun (Rangoon)				
								
								
								
Rauenheim (Kreis Großgerau, Großherzogtum Hessen)								
Rawalpindi (Britisch-Indien)								
Reading (Pennsylvania)								
Recke (Kr. Tecklenburg)								
Regensburg								
Regierungsbezirk, Bertua								
Regierungsbezirk, Ossidinge								
Region, Gran Chaco								
Region, Indischer Archipel								
Region, Ostafrika								
Region, Phrygien								
Region, Südafrika								
Region, Südost-Kamerun								
Region, Tibet								
Region, Tsi-nan fu (Jinanfu) 濟南府								
Region, Zentral-Australien								
Rehoboth (Namibia)								
Reich des Muata-Jamvo								
Reichenau (Sachsen)								
Reinickendorf								
Remhagen								
Remiremont, (Vosges, Frankreich)								
Remscheid								
Rendsburg (Schleswig-Holstein)								
Republik Südafrika	Republik Südafrika (Land/Region)							
								
Reudnitz (Leipzig)								
Rheinland								
Rheinregion								
Rhodesia, Mashona-Land	Rhodesien							
								
Riberalta								
Richmond								
Ridgewood (New Jersey)								
Riga	Riga (russ Gov. Livland)							
								
Rio de Janeiro	Rio de Janeiro (Brasilien)							
								
Rio del Rey-Gebiet (Kamerun)								
Riobamba	Riobamba (Ecuador)							
								
Rixdorf	Rixdorf bei Berlin							
								
Rom	Rom (Italien)							
								
Rondebosch	Rondebusch (vor Capetown)							
								
Roseires								
Rosenberg o/S								
Rostock	Rostock (Mecklenburg)							
								
Rotterdam	Rotterdam (Niederlande)							
								
Rouen (Frankreich)								
Ruanda								
Rudolstadt (Thüringen)								
Russland								
Réunion								
Römhild								
Rüngsdorf (bei Godesberg)								
S. Ramon (Distr. Itaya, Ost-Peru)								
Saadani								
Saalburg (Bad Homburg)								
Saalfeld								
Saarbrücken								
Saarlouis (Rheinprovinz)								
Sagan								
Saigon								
Saint Kitts (West Indies)								
Saipan (Marianen-Inseln), 1899-1906								
Sakarre								
Salem								
Salisbury (Harare, Zimbabwe)								
Salisbury (Südafrika)								
Salomon-Inseln	Salomonen							
								
Salta								
Salzburg (Österreich)								
Samarang								
Samarkand								
Sambesi								
Samoa								
San Agustin (Kolumbien)								
San Francisco	San Francisco (Kalifornien)	San Francisco (Vereinigte Staaten USA)						
								
								
San José	San José (Costa Rica)	San José de Costa Rica						
								
								
San Pedro Sula								
San Pedro de Riobamba (Ecuador, Provinz Chimborazo)								
San Ramon (Itaya Distrikt, Ost-Peru)								
San Salvador								
Sankt Gallen								
Sankt Petersburg	Sankt Petersburg (Russland)	Sankt Petersburg (Russland), 1897 - 1902	St. Petersburg					
								
								
								
Sansibar	Sansibar (Zanzibar)							
								
Santa Cruz de la Sierra (Bolivien)								
Santa Cruz del Eje								
Santa Rosa (Californien)								
Santiago de Chile								
Sao Paulo (Brasilien)								
Sao Paulo de Loanda (Angola)								
Saparua und Harauka								
Sarawak (brit. Kolonie, heute Teil Malaysias)								
Sargstedt bei Halberstadt								
Schigatini								
Schimonoseki (Japan)								
Schivelbein (Hinterpommern), heute Swidwin/Polen								
Schleswig								
Schleuringen (i. Thüringen)								
Schloss Friedersdorf (Krs. Lauban in Schlesien)								
Schloss Rohrbach bei Weistrach								
Schloss Scharfeneck (Grafschaft Glatz / Schlesien)								
Schloss Waltershausen bei Saal / a.d. Saale								
Schlossgut Ast (Bayern)								
Schmalkalden								
Schmargendorf (bei Berlin)								
Schmolz (b. Breslau)								
Schoeneberg (bei Berlin)								
Schotteck bei Bremen								
Schreiberhau (Schlesien)								
Schridlau (Westpreußen)								
Schuckmannsburg (Caprivi-Zipfel)								
Schweden								
Schweisnitz								
Schweiz								
Schwerin	Schwerin (bei)							
								
Schwiebus, Kr. Züllichau (Neumark)								
Schwina								
Schwäbisch Hall								
Schwäbisch-Gmünd								
Schönau (Sachsen)								
Schönberg (Westmecklenburg)								
Schöneberg (bei Berlin)								
Schönholz								
Schöningen bei Braunschweig								
Schönshausen (Altmark)								
Scranton (Pennsylvania)								
Seattle (Washington)								
Seckenheim bei Mannheim								
Semarang (Samerang)								
Sendshirli (Sendschirli)								
Seoul (Südkorea)								
Sepik	Sepik (Neuguinea)							
								
Shanghai	Shanghai (China)							
								
Siam	Siam (Thailand)							
								
Sibirien								
Sibirien (Amur-Gebiet)								
Sibirien (Grenzregion zu China)								
Siegen								
Sielbeck								
Sierra Leone								
Sigrampur								
Sikkim								
Simbabwe								
Singapore	Singapur	Singapur (Singapore)	Singapure					
								
								
								
Sioux								
Smith Sound (Kanada)								
Smyrna (Izmir)								
Soerabaja (Soerabaya)	Soerabaja/Malang (Java, Indonesien)	Soerabaya (Surabaya)						
								
								
Soest								
Sofia								
Sommerstedt								
Sonora (Mexiko)								
Sooß bei Baden (Niederösterreich)								
Sosnowiec								
Southampton								
Spandau								
Springe								
Springfield (Ohio, Vereinigte Staaten (USA))								
Sprottau								
Srassburg								
Sri Lanka (Ceylon)								
Srindagar (Kashmir)								
St. Gallen (Schweiz)								
St. Joseph de Nolala								
								
St. Petersburg (Florida)								
St. Thomas								
Sta. Cruz de Tenerife								
Stabelwitz (bei Breslau)								
Stade								
Stadt, Bad Muskau								
Stadt, Berlin								
Stadt, Jauernig								
Stadt, Katharein								
Stadt, Kisaki								
Stadt, Kobe								
Stadt, Kumamoto								
Stadt, Medan								
Stadt, Nara								
Stadt, Piracicaba								
Stadt, Potosi in Bolivien (Anden)								
Stadt, Potsdam								
Stadt, Qingdao 青岛, Qīngdǎo (Tsingtao)								
Stadt, St. Louis								
Stadt, Stettin, Zuordnung unsicher								
Stadt, Strasbourg, Frankreich								
Stadt, Tokio								
Stadt, Urag (Ulaanbaatar)								
Stadt, Wellington								
Stadtteil, Altona								
Stadtteil, Bergedorf								
Stadtteil, Charlottenburg								
Stadtteil, Dahlem								
Stadtteil, Ealing								
Stadtteil, Friedenau								
Stadtteil, Frohnau								
Stadtteil, Geestemünde								
Stadtteil, Grunewald								
Stadtteil, Halensee								
Stadtteil, Lankwitz								
Stadtteil, Lichtenrade								
Stadtteil, Lichterfelde								
Stadtteil, Lichterfelde-West								
Stadtteil, Marienfelde								
Stadtteil, Schmagendorf								
Stadtteil, South Kensington								
Stadtteil, St. Pauli								
Stadtteil, Weißensee								
Stadtteil, Wilmersdorf								
Station (Forschung), Bismarckburg								
Station (Forschung), Jaunde								
Station (Polizei/Militär), Bukoma								
Station (Polizei/Militär), Deutsch-Binder								
Station (Polizei/Militär), Ebolova								
Station (Polizei/Militär), Johann-Albrechts-Höhe								
Station (Polizei/Militär), Kete-Hedwigswart								
Station (Polizei/Militär), Kete-Kratschi								
Station (Polizei/Militär), Kilimatinde								
Station (Polizei/Militär), Lokodé								
Station (Polizei/Militär), Misahöhe								
Station (Polizei/Militär), Muansa								
Station (Polizei/Militär), Ujiji (Udjidji)								
Station (Polizei/Militär), Usumbura								
Stawropol (Kaukasus)								
Steglitz	Steglitz (bei Berlin)							
								
Steinau/ Od.								
Stephansort (Papua-Neuguinea / Kaiser-Wilhelms-Land)								
Stettin	Stettin (heute Szczecin, Polen)							
								
Steyl	Steyl (Niederlande)							
								
Stockach (Baden)								
Stockholm	Stockholm (Schweden)							
								
Stone Town (Sansibar)								
Storkow (Mark)								
Stralsund								
Straubing (bei)								
Straßburg	Straßburg i. E.	Straßburg, Elsaß	Straßburg/Elsass	Straßburg/Elsaß				
								
								
								
								
Stromberg im Thale (Rheinland)								
Strümpfelbrunn (Odenwald)								
Stuttgart	Stuttgart, Königliches Naturalienkabinet							
								
Suaheli								
Sudan								
Sudan, Kamerun, Loango								
Sultanabad								
Sulu-Archipel (Philippinen)								
Sumatra								
Sumatra (Batak)								
Sumatra (Indonesien)								
Sumatra, Java								
Sunda-Inseln								
Surinam	Suriname							
								
Sutherlands								
Swahili								
Swat (Panjâb)	Swat-Gebiet (Nordwest-Indien)							
								
Swinemünde								
Sydney	Sydney (Australien)							
								
Syrien								
São Luíz de Cáceres (Matto Grosso, Brasilien)								
Süd- Ostasien								
Süd- und Südostasien								
Süd-Angola								
Süd-Brasilien								
Süd-Grönland								
Süd-Indien								
Süd-Kamerun								
Süd-Peru								
Südafrika								
Südafrika (Kubub)								
Südafrika (Namaland)								
Südafrika (Natal)								
Südafrika (New Rhodesia)								
Südafrika (Victoria-Falls)								
Südafrikanische Republik (Transvaal)								
Südamerika								
Südbrasilien								
Südende (bei Berlin)								
Südkamerun								
Südost-Ecuador								
Südost-Kamerun								
Südost-Venezuela								
Südrussland								
Südsee								
Südwestafrika								
Tahiti								
Taiwan (Formosa)								
Takaoka (Japan)								
Tami-Insel								
Tananarivo (Madagaskar)								
Tanga								
Tanger (Marokko)								
Tansania								
Tapiau (Ostpreußen)								
Taquara de mundo novo (Rio Grande do Sul)								
Tarija (Bolivien)								
Tarnopol/Ternopol (Ukraine)								
Tarnowitz								
Taschkent								
Tasmanien (Australien)								
Teheran								
Tehuantepec (Mexiko)								
Telok-Betong								
Tempelhof (bei Berlin)								
Teneriffa								
Tentsin (China)								
Teotihuacan (Mexiko)	Teotihuacán (Mexiko)							
								
Teplitz								
Tervuren (Belgien)								
Tete								
Tetschen (Österreich)								
Texas (Vereinigte Staaten USA)								
Thailand								
Tharandt	Tharandt (Sachsen)							
								
Thonghat (Tongkah, Tongkat) (Siam)								
Thorn								
Tianjin und Beijing (Peking) (China)								
Tianjin/und oder Shanghai*								
Tibet								
Tientsin (China)								
Tilcara (Argentinien)								
Tilsit								
Timor								
Tinwalde, Kr. Löbau (Westpreußen)								
Togo	Togo (Hinterland)							
								
Tokai (Japan)								
Tokio	Tokio (Tôkyô) (Japan)	Tokyo						
								
								
Tonga								
Tongwe Mseguha								
Tonkin (Vietnam)								
Torgau								
Tosari (Java)								
Transvaal	Transvaal (Südafrika)	Transvaal-Middelburg (Südafrika)						
								
								
Trebbin (Prov. Brandenburg)								
Treptow								
Treuen (Mecklenburg-Vorpommern)								
Triebes bei Gera (Thüringen)								
Triest	Triest (Trieste)							
								
Tring (England ?)								
Tripolis								
Troizkosafsk (Troitzkosawsk/Sibirien)								
Tromsø								
Trondheim (Norwegen)								
Truck								
Trujillo (Peru)								
Tschad (Chad)								
Tschadseegebiet								
Tscheidt (Landkreis Ratibor / Oberschlesien)								
Tsi-nanfu (China)	Tsinanfu (China)							
								
Tsingtau (Qingdao)								
Tuchel								
Tucson (Arizona)								
Tucumán (Argentinien)								
Tumaco								
Tunis								
Turkmenistan								
Tübingen								
Tübingen-Bebenhausen								
Türkei								
Təbriz (Täbriz)	Təbriz (Täbriz) (Persien)							
								
Uelzen								
Uganda								
Uhehe								
Ukunga, Katanga								
Ulm								
Umtali	Umtali (Rhodesien)							
								
Upapua								
Upsala (Schweden)								
Urioste (Spanien)								
Uruguay								
Urumiah	Urumiah (Persien)							
								
Usambara	Usambara (Ostafrika)							
								
Utrecht (Niederlande)								
Valle de Chevreuse								
Valparaiso	Valparaiso (Chile)							
								
Vancouver (British Colombia)								
Vannes (Morbihan)								
Varel (Oldenburg)								
Vaucresson (Frankreich)								
Vegesack	Vegesack (bei Bremen)							
								
Venezuela								
Veracruz	Veracruz (Mexiko)							
								
Vereinigte Staaten (USA)								
Verneuil l´Etange								
Verwaltungsbezirk, Moschi								
Vevey (Schweiz)								
Vicoforte								
Victoria (Austalien)								
Victoria (Kamerun)								
Victoriasee (Tanzania)	Victoriasee, Ukerewe (Tanzania)							
								
Vigan (Philippinen)								
Vista Alegre (Brasilien)								
Voerde (Westfalen)								
Vorder-Indien	Vorderindien							
								
Vuatom, Neu-Pommern								
Vöslau (Niederösterreich)								
Wahrenbrück/Liebenwerda (Sachsen)								
Waldhausen								
Waldheim bei Finkenkrug								
Walfisch Bay								
Waltersdorf								
Wansee								
Waren (Mecklenburg)								
Warmbrunn								
Warschau (Polen)								
Washington (Vereinigte Staaten, USA)	Washington D.C. (Vereinigte Staaten, USA)							
								
Wasiba								
Wassandaui (Tanzania)								
Watindiga								
Weidasville (Pennsylvania)								
Weilheim an der Teck								
Weimar	Weimar in Thüringen							
								
Weißenbach/b. Liezen (Steiermark)								
Weißenfels								
Weißer Hirsch (Dresden)	Weißer Hirsch (bei Dresden)							
								
Wenden (Livland)								
Wendisch-Tychow	Wendisch-Tychow (Pommern)							
								
Werder (bei Preschen)								
Wernigerode								
Wesel								
West-Brasilien								
West-Ecuador								
West-Grönland (nördlich)								
West-Sumatra								
West-Usambara								
Westafrika	Westafrika?							
Westafrika (Frz. Zentralafrika)								
Westafrika (Loango-Gebiet)								
Westafrika (Tschadseeländer)								
Westafrika, Angola								
Westafrika, Ashanti								
Westafrika, Bamum								
Westafrika, Benin								
Westafrika, Dahome								
Westafrika, Elfenbeinküste								
Westafrika, Französisch-Kongo, Kongo-Staat								
Westafrika, Kamerun								
Westafrika, Kamerun, Kongo								
Westafrika, Liberia, Cap Palmas								
Westafrika, Loango								
Westafrika, Mittlerer Sudan								
Westafrika, Tikar								
Westafrika, Uelle-Gebiet								
								
Westbrasilien								
Westend								
Westerville (New York)								
Westturkestan								
Wien	Wien (Kaisertum Österreich)	Wien (Österreich)						
								
								
Wiesbaden								
Wiesentheid (Unterfranken)								
Wilhelmshafen	Wilhelmshaven							
								
Willmersdorf bei Berlin	Wilmersdorf	Wilmersdorf (bei Berlin)						
Wilmersdorf-Halensee								
								
								
Wilna								
Wimbledon	Wimbledon (Großbritannien)							
								
Windhoek	Windhoek (Deutsch-Südwestafrika)	Windhoek (Namibia)	Windhuk					
								
								
								
Winterstein (in Thüringen ?)								
Wirballen (Kybartai)								
Wismar								
Wito (Ostafrika)								
Wittgensdorf								
Wittislingen								
Witzenhausen								
Wladikawkas								
Wladiwostok								
Wollin								
Wolsier (Westhavelland)								
Woltorf bei Peine								
Woodlark-Insel								
Wreschen								
Wuppertal-Barmen								
Wurzen								
Würzburg								
Yaguarazapa (Paraguay)								
Yap	Yap, April 1906 - März 1907, 1909							
								
Yaunde								
Yenangyoung (Burma)								
Yendi (Uendi)								
Yokohama	Yokohama (Japan)							
								
Yukatan								
Zacatecas								
Zanzibar								
Zavod								
Zeitz								
Zentral-Australien								
Zentral-Brasilien								
Zentralafrika								
Zernsdorf (Königswusterhausen)								
Zibelle (Oberlausitz)								
Ziersdorf (Mecklenburg-Schwerin)								
Zivilsk (Gouvernement Kasan)								
Zoeschen (Zöschen)								
Zondab-Revier (Südafrika)								
Zoppot, (nicht: Berlin-Grunewald)								
Zuni Pueblo								
Zweibrücken								
Zwickau (Sachsen)								
Zöschen (bei Merseburg)								
Zürich	Zürich (Schweiz)							
								
am Kilimandjaro								
an den Banjo-Bergen (bei Banjo/Banyo)								
oberer Mungo (Kamerun)								
südliches Afrika								
westlicher Teil von Kambodscha								
Ägypten	Ägypten, Nubien							
								
Äthiopien								
Österreich								
Überlingen am Bodensee								
